USE `kataohoot`;
-- 插入 User 資料
INSERT INTO user (Name, Email, Password) VALUES
('Jonathan', 'kayladennis@example.com', 'ME6+mIktP@'),
('Kelly', 'dixonrussell@example.org', '^7FmvSRs9f'),
('Anna', 'andersonthomas@example.net', 'tg1yyWIUg('),
('Russell', 'richard45@example.org', 'M6X2H&is(B'),
('Austin', 'rachelmendez@example.com', '&S5S+gWaj^'),
('Scott', 'kdominguez@example.org', '_10Ob5QV(X'),
('Amanda', 'asullivan@example.com', 'mc3k2AWh*7'),
('Kevin', 'hclark@example.org', 'z)ux9LfifM'),
('Steven', 'vanessa01@example.net', 'r(Q98GN6To'),
('William', 'donna37@example.com', '_9@^Xq*Ks4'),
('Kathy', 'fbrooks@example.org', '1c5SyVv2*4'),
('Timothy', 'scotthiggins@example.net', '4QoIBYe(+#'),
('Eric', 'vernonedwards@example.org', ')OknPOMq1_'),
('Micheal', 'ksandoval@example.net', 'qa4J5d0H%*'),
('Monica', 'jenniferwolfe@example.net', '#UHGZwACd7');

-- 插入 Friendship 資料
INSERT INTO friendship (User1_id, User2_id) VALUES
(12, 7),
(7, 3),
(15, 7),
(13, 4),
(13, 2),
(6, 4),
(7, 13),
(15, 1),
(12, 10),
(5, 6),
(15, 10),
(2, 10),
(1, 10),
(12, 8),
(5, 2),
(13, 15),
(11, 7),
(2, 3),
(15, 12),
(14, 13);

-- 插入 Folder 資料
INSERT INTO folder (Folder_name, User_id, Parent_folder_id) VALUES
('Travel Folder', 15, NULL),
('Budget Folder', 5, NULL),
('Add Folder', 11, NULL),
('At Folder', 13, NULL),
('Certain Folder', 15, NULL),
('Everyone Folder', 4, 3),
('Great Folder', 8, 1),
('Dinner Folder', 8, NULL),
('Understand Folder', 11, NULL),
('Road Folder', 13, 2),
('Know Folder', 13, 3),
('Writer Folder', 14, 10),
('Tough Folder', 7, 9),
('Remember Folder', 2, 8),
('Bag Folder', 8, NULL),
('Piece Folder', 14, NULL),
('Fill Folder', 5, NULL),
('Customer Folder', 3, NULL),
('Some Folder', 10, NULL),
('Concern Folder', 10, NULL),
('Form Folder', 4, NULL),
('Power Folder', 8, 1),
('Own Folder', 13, NULL),
('Sound Folder', 9, NULL),
('Mrs Folder', 3, 4),
('Employee Folder', 14, NULL),
('Figure Folder', 3, 20),
('Measure Folder', 9, NULL),
('When Folder', 7, 3),
('Across Folder', 6, 8),
('South Folder', 15, NULL),
('True Folder', 5, NULL),
('Might Folder', 1, NULL),
('System Folder', 11, 20),
('Day Folder', 8, NULL),
('Start Folder', 13, NULL),
('Candidate Folder', 4, 4),
('Police Folder', 11, 28),
('Because Folder', 9, 23),
('Exactly Folder', 6, NULL);

-- 插入 Quiz 資料
INSERT INTO quiz (Quiz_name, Is_public, Folder_id, Quiz_description) VALUES
('Policy Quiz', False, 7, 'From source child policy still bed indeed together.'),
('Resource Quiz', False, 37, 'Power add loss put less him necessary.'),
('Energy Quiz', True, 1, 'Traditional true politics mind.'),
('Start Quiz', False, 33, 'Mention piece chance moment story.'),
('Century Quiz', False, 21, 'Thing land rich traditional onto long.'),
('First Quiz', True, 40, 'Baby oil case into owner sense author.'),
('Animal Quiz', False, 22, 'Quality plan foot site among offer.'),
('Debate Quiz', True, 6, 'Since better experience provide just officer clearly.'),
('Consider Quiz', False, 10, 'Road hotel health popular finally.'),
('Behavior Quiz', False, 37, 'Old executive before across lay.'),
('Second Quiz', False, 13, 'Eight order true trade girl.'),
('Hit Quiz', True, 23, 'Movement respond central take.'),
('Evening Quiz', False, 40, 'Pm current agency chance.'),
('His Quiz', True, 22, 'Occur system attention article compare store wind away.'),
('Western Quiz', True, 18, 'Face rich explain think list amount.'),
('Team Quiz', True, 22, 'Teacher open consumer surface watch appear sort.'),
('A Quiz', False, 20, 'Trial step director chance interview effect century.'),
('War Quiz', True, 22, 'Raise minute great everybody than.'),
('Special Quiz', True, 26, 'Home speech fine option month mission.'),
('Past Quiz', True, 20, 'Development I home real really establish pretty.'),
('Drive Quiz', True, 30, 'Consider I until.'),
('Blue Quiz', True, 3, 'Exist all would western minute war.'),
('Figure Quiz', False, 32, 'Four strategy seat return.'),
('Different Quiz', True, 27, 'Control like director anything town treatment.'),
('Chair Quiz', True, 12, 'Suffer care court impact during degree.'),
('Will Quiz', False, 31, 'Owner begin particular oil.'),
('Student Quiz', False, 39, 'Hour nation score left hotel student.'),
('Wait Quiz', True, 30, 'Sign meet cell reduce something.'),
('End Quiz', True, 15, 'Interview structure some per.'),
('Contain Quiz', True, 20, 'Great standard person job challenge anything.'),
('Memory Quiz', False, 36, 'Strategy magazine fact represent sport.'),
('Agree Quiz', True, 18, 'Plan individual establish stop scientist nor education.'),
('Particularly Quiz', True, 26, 'Stop throw music rich six end.'),
('Series Quiz', False, 9, 'Alone prevent north let energy pass road let.'),
('Happy Quiz', True, 23, 'Wait check war law budget.'),
('Carry Quiz', True, 3, 'Second determine good look thousand find executive.'),
('Certainly Quiz', True, 24, 'Wall statement win simply section clear.'),
('Process Quiz', False, 27, 'Poor home everybody green.'),
('Gas Quiz', True, 26, 'Anyone movement claim issue dinner.'),
('Everyone Quiz', True, 26, 'That age identify hold mother gun.'),
('Believe Quiz', False, 15, 'Thank find event player.'),
('Realize Quiz', False, 28, 'Will room son short team.'),
('Require Quiz', False, 40, 'Hear how little military both accept adult animal.'),
('Upon Quiz', True, 34, 'Stuff late light eye everybody.'),
('Area Quiz', False, 39, 'Send note final discover at happen accept few.'),
('Successful Quiz', False, 31, 'Establish feel either tough notice forward.'),
('Too Quiz', False, 15, 'Create tree quite spend receive.'),
('Attention Quiz', False, 9, 'Language around catch outside home feel.'),
('Because Quiz', True, 33, 'President citizen carry us benefit.'),
('Past Quiz', False, 14, 'Office less focus billion grow.');

-- 插入 Quiz_record 資料
INSERT INTO quiz_record (Total_points, User_id, Quiz_id) VALUES
(100, 12, 23),
(68, 4, 12),
(62, 7, 46),
(87, 2, 29),
(62, 12, 12),
(51, 5, 19),
(99, 10, 29),
(88, 7, 49),
(63, 3, 45),
(95, 13, 4),
(97, 1, 1),
(98, 9, 3),
(52, 14, 8),
(88, 11, 43),
(97, 8, 21),
(68, 4, 18),
(77, 12, 12),
(97, 7, 48),
(61, 13, 42),
(80, 7, 38),
(99, 2, 6),
(94, 4, 1),
(59, 1, 9),
(89, 7, 9),
(90, 11, 2),
(69, 15, 44),
(71, 10, 15),
(84, 15, 29),
(87, 3, 23),
(62, 11, 9),
(75, 1, 18),
(72, 6, 49),
(92, 9, 40),
(91, 3, 1),
(82, 4, 19),
(95, 2, 48),
(77, 6, 10),
(82, 13, 13),
(94, 4, 11),
(80, 12, 1),
(96, 4, 8),
(82, 4, 8),
(100, 5, 15),
(56, 10, 49),
(79, 12, 15),
(85, 10, 10),
(59, 11, 16),
(90, 1, 50),
(64, 14, 37),
(51, 3, 22);

-- 插入 Fill_blank_question 資料
INSERT INTO fill_blank_question (Body, Q_number, Answer, Points, Quiz_id) VALUES
('List popular though sort stand by son.', 1, 'director', 10, 8),
('Glass bad begin your market sing physical many.', 2, 'third', 6, 19),
('Impact herself surface report anything young.', 3, 'be', 17, 42),
('Better read catch or.', 4, 'consumer', 6, 14),
('I Mr capital case young dream.', 5, 'owner', 10, 9),
('Word rich write finally television.', 6, 'white', 14, 45),
('Religious now run admit.', 7, 'over', 13, 17),
('The speech teach research.', 8, 'any', 19, 20),
('Choice and fall beautiful partner course scientist.', 9, 'body', 13, 17),
('Garden yet skill happen live your decision.', 10, 'city', 16, 21),
('Lawyer beat rise wear hand machine what.', 11, 'much', 10, 10),
('Far music interview technology.', 12, 'myself', 18, 19),
('Check design professional for something.', 13, 'eight', 5, 7),
('Sister recently book radio tonight account pay.', 14, 'product', 10, 27),
('Future address eye interest treat car fire.', 15, 'however', 13, 46),
('They door kid series probably where high.', 16, 'everyone', 15, 9),
('Ten add service tonight carry.', 17, 'would', 16, 40),
('Red fall against stand.', 18, 'themselves', 16, 45),
('Require ability task cause recently hospital worker.', 19, 'hear', 13, 3),
('Blue local avoid carry senior central at Democrat.', 20, 'decide', 5, 29),
('Various good increase cover safe.', 21, 'level', 14, 49),
('Yard win need significant walk approach may later.', 22, 'expert', 16, 20),
('Show sense research season color figure officer.', 23, 'wide', 11, 19),
('Notice so leave difficult floor strong remember tell.', 24, 'how', 12, 28),
('Great part particular line skill base cause door.', 25, 'always', 12, 33),
('Her particular read down reduce.', 26, 'special', 12, 34),
('Ever no at eat.', 27, 'available', 9, 2),
('Relationship individual officer attention.', 28, 'miss', 12, 27),
('Around price body color whether.', 29, 'wonder', 17, 25),
('Everybody onto base.', 30, 'change', 15, 3),
('Factor material second until word nation control.', 31, 'green', 16, 18),
('Everyone purpose movement foot.', 32, 'night', 10, 48),
('Cultural gun beyond try.', 33, 'something', 16, 35),
('Several particularly contain.', 34, 'industry', 8, 29),
('Test run record tell some.', 35, 'deep', 15, 7),
('Door education human after.', 36, 'ability', 15, 43),
('Must which I final quality.', 37, 'fly', 7, 47),
('Kind wind mind sell.', 38, 'water', 15, 8),
('Who live method traditional pattern country control week.', 39, 'card', 6, 4),
('Enjoy capital deep dream former.', 40, 'few', 13, 11);

-- 插入 Single_open_question 資料
INSERT INTO single_open_question (Q_number, Body, Points, Answer, OptionA, OptionB, OptionC, Quiz_id) VALUES
(1, 'Career any church read character.', 11, 'anyone', 'state', 'fact', 'thing', 43),
(2, 'Stay cause simple something whatever condition finally.', 8, 'career', 'shoulder', 'protect', 'responsibility', 32),
(3, 'Beautiful later fast here wish effect.', 5, 'increase', 'late', 'many', 'military', 26),
(4, 'Discussion write fear yourself.', 18, 'certain', 'couple', 'on', 'total', 33),
(5, 'Camera purpose produce person.', 19, 'along', 'office', 'political', 'hard', 15),
(6, 'At beat indeed south scientist also marriage family.', 18, 'teach', 'entire', 'food', 'never', 12),
(7, 'Light body inside rest look phone.', 20, 'serious', 'former', 'third', 'environmental', 26),
(8, 'Speak against color.', 9, 'should', 'consider', 'film', 'our', 14),
(9, 'Song part focus security who out.', 6, 'story', 'how', 'into', 'shake', 13),
(10, 'Style staff individual door together environmental leave.', 5, 'wear', 'life', 'relationship', 'respond', 41),
(11, 'Country owner answer responsibility sing drug.', 15, 'human', 'reduce', 'now', 'tend', 11),
(12, 'Cultural current own executive.', 13, 'away', 'every', 'model', 'light', 19),
(13, 'Near music moment.', 7, 'economy', 'real', 'brother', 'month', 6),
(14, 'Western occur we us north cell.', 20, 'different', 'he', 'exist', 'past', 43),
(15, 'Significant care my firm available around try.', 17, 'president', 'free', 'western', 'foreign', 47),
(16, 'Move happy Mr side kitchen compare.', 6, 'main', 'sort', 'visit', 'election', 24),
(17, 'Mother cold several relationship claim can.', 20, 'science', 'even', 'book', 'member', 4),
(18, 'To fund PM others financial arm.', 12, 'chair', 'despite', 'lead', 'range', 41),
(19, 'Decide school stage notice one.', 20, 'director', 'source', 'if', 'describe', 48),
(20, 'Hour cell rate born pick there.', 13, 'employee', 'dog', 'most', 'cultural', 19),
(21, 'Street guy player management number.', 5, 'sister', 'call', 'race', 'room', 3),
(22, 'Close tree likely conference concern.', 14, 'page', 'a', 'attack', 'woman', 13),
(23, 'Enjoy play specific those.', 13, 'administration', 'across', 'key', 'society', 48),
(24, 'White within rise subject.', 10, 'while', 'people', 'animal', 'too', 20),
(25, 'Idea agree number.', 6, 'important', 'already', 'interest', 'thought', 25),
(26, 'Close two know bill.', 5, 'us', 'today', 'either', 'nothing', 47),
(27, 'Draw street and guy identify.', 18, 'so', 'child', 'travel', 'from', 31),
(28, 'Difference six put cultural exactly site party.', 15, 'truth', 'accept', 'back', 'my', 31),
(29, 'Difficult owner money partner which.', 15, 'me', 'executive', 'maybe', 'at', 45),
(30, 'Politics share large clearly can.', 14, 'woman', 'ability', 'place', 'arrive', 41),
(31, 'Land dark fill find course important.', 9, 'wear', 'baby', 'public', 'current', 39),
(32, 'Professional into responsibility lawyer indicate process.', 13, 'thousand', 'wall', 'institution', 'hospital', 23),
(33, 'Plant alone benefit compare.', 11, 'one', 'occur', 'individual', 'find', 28),
(34, 'Lawyer seven present recent civil.', 17, 'magazine', 'fund', 'continue', 'paper', 23),
(35, 'Price else major someone sport.', 14, 'behavior', 'administration', 'leader', 'fact', 8),
(36, 'Four wonder cost kind head.', 13, 'water', 'my', 'throw', 'debate', 16),
(37, 'Scientist writer heart front.', 11, 'attack', 'make', 'next', 'deal', 2),
(38, 'Keep everyone all else economic.', 12, 'stay', 'shake', 'speech', 'report', 28),
(39, 'Pick paper Mr relate.', 20, 'dream', 'begin', 'hope', 'region', 41),
(40, 'During knowledge community simply.', 19, 'population', 'wrong', 'mother', 'personal', 18);

-- 插入 TF_question 資料
INSERT INTO tf_question (Body, Answer, Points, Q_number, Quiz_id) VALUES
('Door simple less.', False, 15, 1, 29),
('Section surface performance another himself use.', True, 7, 2, 22),
('Method ten care magazine during expert score.', False, 18, 3, 12),
('So also behavior matter later.', True, 16, 4, 44),
('Whatever relate answer concern order air.', True, 13, 5, 30),
('Various herself determine court brother hold pattern.', False, 10, 6, 18),
('Check tend feel.', False, 18, 7, 18),
('Determine available allow nothing.', False, 16, 8, 29),
('Light possible artist nation hope official.', False, 18, 9, 47),
('Beyond picture card charge avoid.', True, 14, 10, 47),
('Memory value deal successful health instead.', False, 6, 11, 43),
('At increase admit those white.', True, 20, 12, 4),
('Year chance security.', True, 11, 13, 11),
('Including growth anything affect.', False, 18, 14, 44),
('Still people source else production however.', True, 5, 15, 17),
('Blue six water total.', True, 9, 16, 47),
('Election minute region according two growth woman whom.', False, 14, 17, 36),
('Create American check child student house.', True, 19, 18, 16),
('Boy as blood close energy fall attack.', False, 15, 19, 12),
('Skin certain member guess design cell put leg.', False, 7, 20, 6),
('Kitchen guy property end later.', True, 10, 21, 1),
('Modern least effect.', True, 8, 22, 39),
('Want growth usually agree law list natural.', False, 15, 23, 43),
('Father successful enjoy sure keep give forget attack.', True, 18, 24, 4),
('Beyond past wide while student military character like.', False, 9, 25, 9),
('I hand and story sea thought floor.', False, 8, 26, 7),
('Laugh call begin hear.', True, 19, 27, 15),
('Early say family life section.', True, 20, 28, 16),
('True white deep he hospital decade realize.', False, 18, 29, 38),
('Pressure wonder street be get.', True, 7, 30, 3),
('Fire class act up project.', True, 19, 31, 43),
('Increase trial ability area begin station town protect.', False, 19, 32, 15),
('According bag she particularly still area minute.', True, 5, 33, 30),
('Look all help own one apply phone.', False, 9, 34, 13),
('Attention apply should.', False, 13, 35, 25),
('High heavy able season.', False, 17, 36, 48),
('Water cell trip window than explain.', True, 13, 37, 32),
('Pick travel about impact market whom fear.', False, 14, 38, 5),
('Account say degree green.', True, 12, 39, 11),
('Across write easy close save news myself.', False, 13, 40, 22);

-- 插入 FB_quiz_determination 資料
INSERT INTO fb_quiz_determination (FB_id, Record_id, Is_correct) VALUES
(24, 39, True),
(21, 24, True),
(28, 17, False),
(2, 46, False),
(33, 38, True),
(5, 16, False),
(9, 38, False),
(14, 28, False),
(32, 19, True),
(35, 34, False),
(29, 27, False),
(15, 18, False),
(40, 5, True),
(40, 46, True),
(12, 14, False),
(4, 36, False),
(27, 30, False),
(3, 42, True),
(5, 20, False),
(39, 19, True),
(25, 41, False),
(29, 12, False),
(33, 6, True),
(25, 50, False),
(22, 46, True),
(39, 29, False),
(30, 29, True),
(12, 35, False),
(12, 32, False),
(32, 37, False),
(39, 13, False),
(24, 43, True),
(7, 47, False),
(31, 50, True),
(6, 33, True),
(26, 45, False),
(15, 21, False),
(25, 15, True),
(27, 12, True),
(38, 21, False);

-- 插入 SO_quiz_determination 資料
INSERT INTO so_quiz_determination (SO_id, Record_id, Is_correct) VALUES
(35, 38, False),
(12, 13, False),
(9, 36, False),
(23, 22, False),
(31, 39, False),
(28, 20, False),
(19, 46, False),
(31, 12, False),
(10, 25, True),
(34, 29, False),
(5, 48, True),
(17, 21, False),
(34, 39, False),
(12, 26, True),
(9, 22, True),
(36, 34, False),
(29, 36, True),
(12, 40, True),
(4, 13, True),
(35, 49, False),
(27, 1, True),
(37, 42, True),
(16, 23, True),
(15, 9, False),
(17, 21, False),
(23, 24, False),
(34, 9, True),
(3, 28, True),
(13, 13, False),
(7, 10, False),
(27, 1, True),
(13, 43, True),
(24, 33, True),
(8, 50, False),
(28, 6, False),
(15, 26, False),
(38, 42, False),
(3, 39, False),
(15, 15, True),
(14, 21, True);

-- 插入 TF_quiz_determination 資料
INSERT INTO tf_quiz_determination (TF_id, Record_id, Is_correct) VALUES
(11, 43, False),
(1, 17, True),
(13, 27, True),
(27, 39, True),
(29, 21, True),
(30, 15, True),
(39, 50, True),
(5, 33, False),
(35, 37, False),
(37, 32, True),
(32, 45, True),
(32, 5, True),
(4, 10, True),
(18, 1, False),
(31, 5, False),
(5, 34, False),
(27, 49, True),
(4, 41, True),
(13, 29, True),
(29, 22, False),
(23, 21, True),
(20, 18, False),
(28, 38, False),
(20, 50, True),
(32, 34, True),
(37, 25, True),
(23, 34, False),
(34, 34, False),
(39, 11, True),
(16, 40, True),
(28, 43, False),
(3, 33, True),
(18, 48, True),
(23, 20, False),
(4, 24, False),
(1, 24, True),
(13, 26, False),
(22, 12, False),
(21, 15, True),
(25, 14, True);

