USE `kataohoot`;
-- 插入 User 資料
INSERT INTO user (Name, Email, Password) VALUES
('James', 'patrickwagner@example.com', '^^l78InrL6'),
('Aaron', 'aliciawoods@example.org', 'D^UW52Mfg%'),
('Stephanie', 'wendy34@example.com', 'I5MrXNNj%a'),
('Mindy', 'showell@example.org', 'R)i)z7Ka+l'),
('John', 'torresashley@example.net', '#36PQt5re_');

-- 插入 Friendship 資料
INSERT INTO friendship (User1_id, User2_id) VALUES
(5, 4),
(3, 1),
(1, 5),
(2, 4),
(4, 3),
(5, 3),
(1, 4),
(5, 2),
(3, 2),
(2, 1);

-- 插入 Folder 資料
INSERT INTO folder (Folder_name, User_id, Parent_folder_id) VALUES
('Very Folder', 1, NULL),
('Phone Folder', 2, NULL),
('Use Folder', 5, 1),
('Hotel Folder', 4, 2),
('Many Folder', 4, NULL),
('Goal Folder', 1, 3),
('Purpose Folder', 2, 5),
('Stand Folder', 3, NULL),
('Item Folder', 1, NULL),
('Image Folder', 5, NULL);

-- 插入 Quiz 資料
INSERT INTO quiz (Quiz_name, Is_public, Folder_id, Quiz_description) VALUES
('Industry Quiz', False, 5, 'Control peace type responsibility third would camera.'),
('One Quiz', False, 9, 'Nature camera stuff religious.'),
('It Quiz', True, 5, 'Focus stock here happen report although these.'),
('Event Quiz', True, 10, 'Message say star officer thing personal.'),
('Put Quiz', True, 9, 'Different tell something without music why.'),
('Heavy Quiz', False, 7, 'Drop factor hotel simple important especially.'),
('Participant Quiz', False, 1, 'Pass deal necessary knowledge pay.'),
('Training Quiz', True, 3, 'Keep yeah home.'),
('Production Quiz', False, 2, 'After address take staff itself defense store low.'),
('Let Quiz', True, 6, 'Such off baby back.'),
('Tree Quiz', True, 6, 'Upon seven identify agent.'),
('Writer Quiz', True, 8, 'Off bank customer environmental.'),
('List Quiz', False, 7, 'Ever program system two population.'),
('Black Quiz', False, 5, 'True different one.'),
('Audience Quiz', False, 6, 'Room administration condition probably south material story.'),
('Than Quiz', True, 1, 'Which player offer stop.'),
('Difference Quiz', False, 7, 'Together party artist world.'),
('Four Quiz', True, 9, 'Avoid outside off amount data fire enter else.'),
('Two Quiz', False, 5, 'Stand then star we garden interest moment part.'),
('Will Quiz', True, 7, 'Piece possible join let.');

-- 插入 Quiz_record 資料
INSERT INTO quiz_record (Total_points, User_id, Quiz_id) VALUES
(94, 2, 1),
(67, 5, 10),
(88, 3, 8),
(94, 5, 4),
(99, 2, 19),
(63, 3, 2),
(52, 3, 14),
(56, 4, 14),
(65, 4, 19),
(84, 3, 19),
(87, 1, 9),
(82, 5, 17),
(62, 1, 2),
(60, 5, 1),
(90, 2, 11),
(56, 1, 10),
(57, 1, 2),
(89, 5, 6),
(82, 5, 17),
(81, 2, 16),
(87, 4, 3),
(61, 1, 2),
(56, 2, 10),
(63, 2, 13),
(71, 3, 2),
(81, 1, 19),
(74, 4, 20),
(67, 3, 17),
(86, 4, 1),
(67, 4, 13),
(98, 2, 19),
(84, 3, 8),
(79, 3, 8),
(68, 3, 1),
(61, 4, 2),
(88, 4, 7),
(89, 1, 17),
(74, 4, 15),
(78, 3, 1),
(64, 1, 20),
(94, 1, 16),
(79, 5, 14),
(58, 5, 14),
(94, 2, 11),
(97, 3, 14),
(91, 2, 3),
(89, 2, 15),
(67, 5, 6),
(91, 4, 6),
(90, 1, 7),
(86, 1, 10),
(75, 2, 13),
(66, 4, 7),
(89, 4, 11),
(99, 2, 5),
(81, 5, 14),
(90, 5, 1),
(62, 4, 12),
(97, 1, 19),
(52, 5, 14),
(63, 1, 12),
(50, 3, 9),
(78, 1, 3),
(97, 4, 2),
(55, 2, 18),
(70, 4, 13),
(82, 2, 5),
(73, 1, 17),
(57, 3, 18),
(97, 2, 19),
(68, 3, 17),
(86, 2, 18),
(72, 3, 15),
(59, 5, 19),
(55, 3, 19),
(88, 2, 19),
(57, 2, 18),
(89, 2, 6),
(87, 3, 14),
(74, 1, 11),
(59, 4, 13),
(58, 3, 5),
(77, 2, 1),
(92, 2, 2),
(83, 1, 19),
(56, 2, 7),
(52, 2, 18),
(66, 4, 9),
(87, 4, 17),
(76, 3, 12),
(61, 2, 8),
(72, 2, 16),
(79, 2, 6),
(79, 4, 17),
(86, 1, 5),
(53, 1, 15),
(58, 2, 4),
(50, 3, 12),
(69, 4, 5),
(83, 5, 11),
(68, 4, 12),
(74, 2, 3),
(50, 4, 12),
(70, 4, 17),
(67, 3, 8),
(94, 4, 4),
(54, 2, 4),
(95, 3, 4),
(86, 1, 20),
(60, 4, 4),
(94, 3, 17),
(88, 1, 3),
(88, 2, 6),
(57, 5, 9),
(82, 3, 19),
(96, 5, 1),
(97, 5, 2),
(61, 1, 2),
(77, 4, 20),
(94, 3, 17);

-- 插入 Fill_blank_question 資料
INSERT INTO fill_blank_question (Body, Q_number, Answer, Points, Quiz_id) VALUES
('Concern ball data movie.', 1, 'simply', 9, 17),
('Return apply affect century power.', 2, 'pressure', 16, 20),
('Now question but throw beat your.', 3, 'such', 17, 4),
('Husband give bit common.', 4, 'time', 11, 12),
('Send skin order at political suddenly white.', 5, 'American', 20, 18),
('Imagine imagine draw section floor range.', 6, 'purpose', 11, 6),
('Feeling cold general be fine.', 7, 'believe', 6, 11),
('Worker never within argue air news bit.', 8, 'approach', 10, 19),
('Cultural race daughter price into owner.', 9, 'pretty', 12, 9),
('However hospital hit ever wide actually.', 10, 'plant', 15, 1);

-- 插入 Single_open_question 資料
INSERT INTO single_open_question (Q_number, Body, Points, Answer, OptionA, OptionB, OptionC, Quiz_id) VALUES
(1, 'Whom accept condition poor.', 10, 'himself', 'sort', 'water', 'knowledge', 3),
(2, 'Development you charge magazine say.', 9, 'accept', 'guess', 'do', 'my', 2),
(3, 'Listen air life.', 11, 'financial', 'standard', 'bill', 'get', 18),
(4, 'Prevent peace red skill month carry.', 5, 'who', 'church', 'be', 'from', 4),
(5, 'Attention real those today key benefit prove air.', 15, 'citizen', 'coach', 'consider', 'however', 11),
(6, 'Save style ready issue.', 15, 'star', 'foot', 'player', 'land', 11),
(7, 'Capital much still across because boy whatever.', 20, 'week', 'network', 'ball', 'arm', 12),
(8, 'Half foot speak stock crime student air.', 13, 'sort', 'none', 'within', 'goal', 8),
(9, 'Opportunity both any but beyond where guess.', 16, 'above', 'red', 'statement', 'would', 19),
(10, 'Paper seem teach.', 16, 'nation', 'increase', 'home', 'expert', 20),
(11, 'Theory to audience impact.', 11, 'debate', 'shake', 'teach', 'behind', 15),
(12, 'Amount experience air true matter.', 11, 'a', 'pressure', 'easy', 'happen', 20),
(13, 'We threat hit ground within.', 9, 'step', 'manage', 'effect', 'time', 9),
(14, 'War special enough data guess.', 12, 'ground', 'point', 'enough', 'simply', 13),
(15, 'Open research itself site push piece lot.', 13, 'present', 'artist', 'view', 'quite', 5),
(16, 'Market light open democratic.', 7, 'force', 'in', 'material', 'field', 6),
(17, 'Message note even newspaper some interview fire.', 20, 'force', 'win', 'a', 'just', 19),
(18, 'Fly major commercial worker Congress school design evidence.', 19, 'scene', 'sometimes', 'stand', 'present', 3),
(19, 'Maybe week minute.', 8, 'maybe', 'old', 'state', 'wide', 20),
(20, 'Size out specific edge national ahead sure half.', 5, 'live', 'foot', 'according', 'movement', 20),
(21, 'Poor sign ever open.', 19, 'chance', 'light', 'usually', 'industry', 16),
(22, 'Garden ever three special rather medical.', 20, 'green', 'lose', 'care', 'by', 13),
(23, 'Parent season street worker interest remember level.', 9, 'compare', 'choice', 'form', 'gun', 11),
(24, 'Spring sense interesting than.', 12, 'source', 'party', 'finish', 'oil', 3),
(25, 'Administration mind result do.', 12, 'draw', 'near', 'unit', 'suddenly', 4),
(26, 'Account side general radio.', 16, 'include', 'hair', 'office', 'medical', 6),
(27, 'Industry will room allow build main least.', 7, 'push', 'where', 'wall', 'color', 14),
(28, 'Impact free back law plant growth.', 18, 'behavior', 'painting', 'value', 'order', 2),
(29, 'Between drop power consider almost thus magazine.', 19, 'they', 'authority', 'expert', 'go', 10),
(30, 'Media tree great explain family organization.', 16, 'however', 'explain', 'specific', 'painting', 19),
(31, 'Cell begin natural sign collection.', 10, 'student', 'beat', 'follow', 'less', 2),
(32, 'Party baby with series different.', 7, 'support', 'however', 'single', 'project', 15),
(33, 'Scene minute partner be order do raise.', 19, 'ever', 'candidate', 'group', 'window', 11),
(34, 'Young reflect how behind will.', 10, 'own', 'less', 'body', 'offer', 14),
(35, 'Draw sister free program you agent.', 15, 'stand', 'against', 'thing', 'you', 9),
(36, 'Voice seem tonight goal.', 6, 'perform', 'brother', 'point', 'budget', 1),
(37, 'Institution stock season million rather low music.', 15, 'bed', 'present', 'according', 'on', 2),
(38, 'Kitchen authority part staff know receive.', 17, 'structure', 'despite', 'available', 'son', 11),
(39, 'Across population little nor exist.', 13, 'series', 'term', 'arrive', 'season', 12),
(40, 'Share whose move.', 14, 'the', 'really', 'cultural', 'deep', 20),
(41, 'Role wind computer concern cost blue whose.', 10, 'thus', 'today', 'prepare', 'your', 6),
(42, 'Mind argue each.', 18, 'mean', 'image', 'book', 'argue', 10),
(43, 'Loss deal early hand gas child.', 10, 'I', 'level', 'your', 'every', 1),
(44, 'Section make billion help think sit.', 19, 'after', 'trouble', 'summer', 'tough', 7),
(45, 'Large health pay resource child kind apply.', 16, 'member', 'behind', 'cause', 'in', 20),
(46, 'Six against again tough clearly forward expect.', 20, 'sing', 'particular', 'recently', 'present', 19),
(47, 'Piece somebody issue provide town amount responsibility.', 8, 'star', 'challenge', 'detail', 'level', 3),
(48, 'Paper remember tend new choice seem.', 20, 'religious', 'road', 'ball', 'pressure', 12),
(49, 'Majority third answer brother until laugh chance specific.', 11, 'best', 'career', 'analysis', 'data', 18),
(50, 'Discuss radio strong weight everyone field.', 5, 'bring', 'else', 'ready', 'choice', 13),
(51, 'Popular leave maybe ago turn choose will.', 14, 'woman', 'teach', 'firm', 'because', 17),
(52, 'Cell choose rule north method just magazine.', 14, 'according', 'word', 'yeah', 'indicate', 18),
(53, 'Write debate pattern region key message.', 17, 'first', 'red', 'above', 'physical', 11),
(54, 'Live billion deal of why perform.', 11, 'ok', 'pass', 'push', 'research', 17),
(55, 'Interesting beyond go help leave.', 11, 'experience', 'reduce', 'cultural', 'sort', 4),
(56, 'Here federal down expect help then.', 6, 'all', 'best', 'discuss', 'weight', 9),
(57, 'Explain into size wait create risk early.', 10, 'success', 'item', 'area', 'some', 6),
(58, 'Discussion cover leg traditional.', 6, 'practice', 'behind', 'where', 'nice', 19),
(59, 'Democrat leave training production.', 8, 'join', 'probably', 'for', 'wind', 2),
(60, 'Community reduce nice.', 14, 'health', 'student', 'glass', 'campaign', 15),
(61, 'Successful behavior learn perhaps ability rise against western.', 15, 'because', 'year', 'turn', 'ten', 16),
(62, 'Marriage condition everybody exactly.', 15, 'here', 'according', 'method', 'no', 8),
(63, 'Today tough seat act.', 5, 'better', 'brother', 'car', 'consider', 8),
(64, 'Pressure enter spring end suddenly.', 13, 'director', 'bar', 'together', 'the', 2),
(65, 'Enough laugh word apply use whole kid.', 19, 'day', 'a', 'mention', 'sing', 2),
(66, 'Find always cause off somebody.', 16, 'maybe', 'career', 'report', 'cultural', 3),
(67, 'Study customer term court animal.', 15, 'study', 'age', 'down', 'method', 2),
(68, 'Story explain yard later rule analysis leader.', 8, 'PM', 'be', 'yard', 'green', 1),
(69, 'What area skill tend plant security myself.', 20, 'memory', 'democratic', 'example', 'life', 2),
(70, 'Operation choose responsibility law.', 11, 'interview', 'former', 'decide', 'election', 9),
(71, 'Account instead board door treat also.', 20, 'that', 'rock', 'hot', 'stuff', 16),
(72, 'Wrong one positive because should two pass.', 10, 'factor', 'news', 'country', 'become', 8),
(73, 'Wonder entire direction own but also event.', 19, 'reduce', 'others', 'message', 'prevent', 3),
(74, 'Coach score hand school seem.', 14, 'place', 'gas', 'trial', 'wide', 12),
(75, 'He notice wind trouble past road system.', 19, 'impact', 'build', 'decision', 'just', 13),
(76, 'Important suddenly go others pretty each.', 10, 'agency', 'gas', 'way', 'town', 12),
(77, 'Leader although street newspaper tax.', 19, 'wish', 'control', 'summer', 'rather', 12),
(78, 'Security later hold.', 15, 'close', 'sometimes', 'contain', 'deal', 9),
(79, 'Dog full certain property total rate treat.', 13, 'finish', 'big', 'animal', 'film', 18),
(80, 'Develop want upon must.', 19, 'politics', 'wide', 'realize', 'represent', 9),
(81, 'Mean world third far treatment conference Mrs.', 19, 'half', 'score', 'toward', 'bed', 5),
(82, 'Guy write someone stage government none age.', 17, 'decide', 'whose', 'goal', 'whose', 18),
(83, 'World southern accept.', 5, 'make', 'win', 'member', 'establish', 7),
(84, 'Begin seem table others star.', 20, 'future', 'imagine', 'various', 'charge', 1),
(85, 'Ago we almost relate.', 15, 'television', 'hear', 'address', 'TV', 16),
(86, 'Break likely most traditional magazine street different.', 5, 'small', 'suffer', 'community', 'feel', 16),
(87, 'Radio quality politics third.', 6, 'water', 'employee', 'focus', 'speech', 17),
(88, 'Health entire something interest story let.', 17, 'rock', 'rate', 'modern', 'grow', 11),
(89, 'Especially today him laugh.', 6, 'everything', 'Democrat', 'manager', 'situation', 19),
(90, 'Near far will word reduce list.', 15, 'become', 'could', 'building', 'idea', 11),
(91, 'Left the modern street.', 14, 'act', 'hit', 'maybe', 'whose', 17),
(92, 'Add scene state court environmental.', 18, 'audience', 'state', 'seat', 'enter', 15),
(93, 'Nor art process body else second.', 5, 'although', 'receive', 'pass', 'environmental', 3),
(94, 'Know open hand point decision argue.', 15, 'professor', 'executive', 'enough', 'window', 8),
(95, 'Arrive deal character lose rise.', 6, 'loss', 'ask', 'surface', 'act', 1),
(96, 'Center marriage during management seem.', 10, 'though', 'employee', 'road', 'face', 2),
(97, 'Itself stay pass.', 7, 'evening', 'participant', 'fear', 'truth', 14),
(98, 'Operation but technology age that pass easy within.', 19, 'happy', 'begin', 'seven', 'every', 8),
(99, 'Process and how consumer television his.', 19, 'six', 'focus', 'expect', 'continue', 14),
(100, 'Sport bill country.', 14, 'machine', 'position', 'director', 'food', 20);

-- 插入 TF_question 資料
INSERT INTO tf_question (Body, Answer, Points, Q_number, Quiz_id) VALUES
('Phone however feel later lot crime put camera.', False, 11, 1, 5),
('Reality create fact second international use kid political.', True, 11, 2, 12),
('Task field these heavy.', False, 10, 3, 14),
('Whole read section at table.', True, 5, 4, 8),
('Late go there idea.', False, 5, 5, 15),
('Century result him above television skill themselves.', False, 12, 6, 20),
('Draw play do continue new nature understand.', True, 18, 7, 15),
('Parent decision free reflect fly direction dog bill.', True, 6, 8, 4),
('Eight TV class rise.', False, 5, 9, 13),
('Quite wife project a arrive character hard.', False, 5, 10, 7);

-- 插入 FB_quiz_determination 資料
INSERT INTO fb_quiz_determination (FB_id, Record_id, Is_correct, Choosed_ans) VALUES
(1, 33, True, 'star'),
(2, 54, False, 'staff'),
(3, 64, False, 'PM'),
(4, 38, False, 'dog'),
(5, 56, True, 'even'),
(6, 17, True, 'include'),
(7, 2, True, 'score'),
(8, 114, False, 'believe'),
(9, 21, False, 'day'),
(10, 50, False, 'safe');

-- 插入 SO_quiz_determination 資料
INSERT INTO so_quiz_determination (SO_id, Record_id, Is_correct, Choosed_ans) VALUES
(1, 67, False, 'education'),
(2, 39, True, 'learn'),
(3, 119, False, 'picture'),
(4, 55, False, 'as'),
(5, 78, True, 'least'),
(6, 104, False, 'item'),
(7, 6, False, 'board'),
(8, 48, False, 'hospital'),
(9, 91, False, 'also'),
(10, 62, True, 'return'),
(11, 69, True, 'imagine'),
(12, 82, False, 'much'),
(13, 65, True, 'lawyer'),
(14, 24, False, 'improve'),
(15, 96, False, 'game'),
(16, 112, False, 'hope'),
(17, 40, False, 'ready'),
(18, 62, True, 'sign'),
(19, 102, True, 'newspaper'),
(20, 75, False, 'race'),
(21, 105, True, 'my'),
(22, 30, False, 'church'),
(23, 73, False, 'choice'),
(24, 30, True, 'here'),
(25, 72, True, 'well'),
(26, 98, True, 'analysis'),
(27, 9, True, 'stop'),
(28, 39, False, 'bag'),
(29, 45, True, 'sister'),
(30, 49, True, 'tax'),
(31, 108, True, 'include'),
(32, 67, False, 'wide'),
(33, 28, True, 'Republican'),
(34, 86, True, 'let'),
(35, 19, True, 'explain'),
(36, 112, False, 'near'),
(37, 31, True, 'only'),
(38, 20, False, 'six'),
(39, 113, False, 'involve'),
(40, 12, True, 'what'),
(41, 78, True, 'hair'),
(42, 10, True, 'power'),
(43, 54, False, 'rest'),
(44, 92, True, 'economy'),
(45, 87, True, 'drop'),
(46, 72, False, 'almost'),
(47, 9, True, 'still'),
(48, 44, False, 'enough'),
(49, 113, True, 'describe'),
(50, 94, False, 'section'),
(51, 116, False, 'life'),
(52, 100, True, 'through'),
(53, 20, True, 'today'),
(54, 21, True, 'watch'),
(55, 119, True, 'attention'),
(56, 89, True, 'moment'),
(57, 119, True, 'man'),
(58, 13, True, 'various'),
(59, 54, True, 'expert'),
(60, 21, False, 'cultural'),
(61, 39, False, 'result'),
(62, 14, True, 'third'),
(63, 80, False, 'performance'),
(64, 84, True, 'film'),
(65, 85, True, 'explain'),
(66, 93, True, 'very'),
(67, 116, True, 'certain'),
(68, 28, False, 'cell'),
(69, 55, False, 'enter'),
(70, 45, False, 'kid'),
(71, 100, False, 'rate'),
(72, 32, True, 'those'),
(73, 80, True, 'clearly'),
(74, 39, False, 'grow'),
(75, 9, False, 'career'),
(76, 115, True, 'million'),
(77, 17, True, 'possible'),
(78, 88, False, 'especially'),
(79, 117, False, 'country'),
(80, 33, True, 'itself'),
(81, 108, True, 'training'),
(82, 80, False, 'nearly'),
(83, 55, True, 'space'),
(84, 106, False, 'this'),
(85, 34, True, 'letter'),
(86, 33, True, 'themselves'),
(87, 118, True, 'bad'),
(88, 21, True, 'become'),
(89, 18, True, 'plant'),
(90, 86, False, 'decide'),
(91, 85, False, 'fire'),
(92, 34, True, 'experience'),
(93, 27, False, 'attack'),
(94, 70, True, 'value'),
(95, 112, True, 'member'),
(96, 56, False, 'indicate'),
(97, 39, True, 'garden'),
(98, 102, True, 'daughter'),
(99, 45, True, 'specific'),
(100, 78, False, 'onto');

-- 插入 TF_quiz_determination 資料
INSERT INTO tf_quiz_determination (TF_id, Record_id, Is_correct, Choosed_ans) VALUES
(1, 112, True, 'False'),
(2, 88, False, 'True'),
(3, 29, False, 'False'),
(4, 79, False, 'False'),
(5, 30, False, 'True'),
(6, 43, True, 'True'),
(7, 27, False, 'False'),
(8, 72, False, 'False'),
(9, 85, False, 'False'),
(10, 2, False, 'False');

