USE `kataohoot`;
-- 插入 User 資料
INSERT INTO user (Name, Email, Password) VALUES
('Holly', 'gabrieladunn@example.com', 'k7W)FoD+*1'),
('Alexandria', 'kevinjones@example.com', '*3J3RAaZ(!'),
('William', 'robertsalas@example.net', 'h3B4oBVv^Q'),
('Aaron', 'zcampbell@example.net', '4r9RJG&HY_'),
('Michael', 'davidmaxwell@example.com', '_z4m%VlKcJ'),
('Cassandra', 'tmunoz@example.org', '&M2CsBtqq!'),
('Benjamin', 'leematthew@example.net', 'my^!8SXqnP'),
('Jesse', 'williamhernandez@example.net', '_79^X+jH8b'),
('Anthony', 'dianastone@example.com', '!MFMlwVmk0'),
('Shane', 'clineanthony@example.com', 'PoC*D9Zdck'),
('Robert', 'candicebowman@example.org', 'R+WKc5YGNm'),
('James', 'adam17@example.net', '3WMwDw%M#1'),
('Victoria', 'holdendon@example.com', 'Mq_5YiowNv'),
('Sherry', 'gabrielafrancis@example.org', 'F6gC93Ab!$'),
('Joshua', 'kellyjacobs@example.com', '+7Rm*IwpYz');

-- 插入 Friendship 資料
INSERT INTO friendship (User1_id, User2_id) VALUES
(2, 6),
(2, 8),
(14, 7),
(2, 5),
(14, 13),
(15, 7),
(10, 11),
(7, 9),
(3, 4),
(12, 13),
(7, 11),
(12, 8),
(13, 7),
(11, 14),
(1, 4),
(6, 10),
(2, 13),
(9, 3),
(6, 12),
(11, 1);

-- 插入 Folder 資料
INSERT INTO folder (Folder_name, User_id, Parent_folder_id) VALUES
('College Folder', 7, NULL),
('Nothing Folder', 7, 1),
('Business Folder', 14, NULL),
('Knowledge Folder', 13, 2),
('Idea Folder', 2, 2),
('Dark Folder', 13, NULL),
('Remain Folder', 11, NULL),
('Thousand Folder', 4, 1),
('World Folder', 3, 1),
('Something Folder', 9, 8),
('Center Folder', 10, NULL),
('Industry Folder', 1, 3),
('Ahead Folder', 2, NULL),
('Maintain Folder', 9, 3),
('Either Folder', 4, NULL),
('Into Folder', 8, 2),
('Peace Folder', 4, NULL),
('Speech Folder', 10, NULL),
('Technology Folder', 15, 2),
('Probably Folder', 8, NULL);

-- 插入 Quiz 資料
INSERT INTO quiz (Quiz_name, Is_public, Folder_id, Quiz_description) VALUES
('No Quiz', False, 4, 'Sell entire notice shoulder tax.'),
('Water Quiz', True, 9, 'Such generation information professor improve use note.'),
('Lawyer Quiz', True, 9, 'Reduce build plan life kind instead continue.'),
('Join Quiz', True, 1, 'Anyone official of fight box.'),
('Series Quiz', True, 20, 'Let before single face test.'),
('Citizen Quiz', False, 10, 'Evidence nature talk offer century economy.'),
('Garden Quiz', False, 19, 'Family reflect again car light art.'),
('Sort Quiz', False, 19, 'Trouble take window either year side those amount.'),
('Exist Quiz', False, 3, 'Old lay meet half always party car.'),
('Close Quiz', False, 18, 'Performance ten approach night huge will.'),
('Ask Quiz', True, 3, 'Benefit enjoy and common allow.'),
('Recent Quiz', True, 19, 'Great radio when defense former ability reality.'),
('Accept Quiz', True, 20, 'Offer respond important.'),
('Mouth Quiz', True, 13, 'Yet cause run.'),
('Magazine Quiz', False, 5, 'Our identify watch seem fine.'),
('Police Quiz', True, 6, 'Value hope plant.'),
('Draw Quiz', False, 16, 'Call fear body race oil stock dog.'),
('Mouth Quiz', False, 17, 'Pretty think into research.'),
('This Quiz', True, 15, 'Difficult science your address religious rest idea.'),
('Exist Quiz', True, 5, 'Cut world recognize shake table history.'),
('Put Quiz', False, 11, 'Team avoid behind reveal and type dinner.'),
('War Quiz', True, 2, 'Decade somebody cultural little letter score in.'),
('Where Quiz', True, 11, 'His tree how main peace hour.'),
('Year Quiz', True, 6, 'And education answer end during.'),
('Laugh Quiz', True, 1, 'Property yet lead pattern.'),
('Especially Quiz', True, 4, 'Under free never ask.'),
('By Quiz', True, 11, 'Analysis bank compare vote any west show.'),
('Public Quiz', False, 4, 'Light recently behavior nature call movie unit.'),
('Nation Quiz', False, 15, 'Present soldier often stuff.'),
('Entire Quiz', True, 18, 'Bank attack table worry expect stop wrong.'),
('Herself Quiz', False, 15, 'Take end still wait.'),
('Economic Quiz', True, 20, 'Different task law may.'),
('Blood Quiz', True, 6, 'Near their change late.'),
('Your Quiz', True, 11, 'Treatment research catch guy.'),
('Large Quiz', True, 4, 'Agreement amount two.'),
('Civil Quiz', False, 19, 'Policy already use.'),
('Well Quiz', False, 10, 'Public purpose treat mean.'),
('Data Quiz', True, 17, 'Environmental hope I of must gun create.'),
('Stand Quiz', True, 5, 'The quickly perhaps do happy.'),
('Pattern Quiz', True, 16, 'Animal hundred foreign happy own here natural.'),
('Life Quiz', True, 7, 'Information east person amount.'),
('Environment Quiz', True, 18, 'Yard today billion sort majority even.'),
('Note Quiz', False, 12, 'Drop blue improve fill state read share red.'),
('Customer Quiz', False, 13, 'Agency once only participant partner as.'),
('Year Quiz', True, 4, 'Financial phone bank argue.'),
('Area Quiz', False, 2, 'About put management.'),
('Beyond Quiz', True, 11, 'Energy mouth yes start us sing.'),
('At Quiz', True, 18, 'East several leg million.'),
('Hit Quiz', True, 19, 'Teacher role else deal much my blue.'),
('Very Quiz', False, 12, 'Travel power eye look bank campaign.'),
('Money Quiz', False, 4, 'Career animal thus test.'),
('Leave Quiz', False, 10, 'Live pattern attorney magazine.'),
('Call Quiz', True, 14, 'Country free trouble share girl necessary.'),
('See Quiz', True, 2, 'Human treatment project knowledge majority.'),
('President Quiz', True, 14, 'Compare unit wish offer.'),
('All Quiz', False, 8, 'Affect chance energy stand class.'),
('Dog Quiz', False, 5, 'As check garden make defense none story.'),
('This Quiz', False, 7, 'Card seat decade near.'),
('Drug Quiz', True, 7, 'Western born would hand end.'),
('Large Quiz', False, 6, 'Suddenly service their stay.'),
('White Quiz', True, 5, 'Player garden bank which analysis current fill spend.'),
('Help Quiz', False, 12, 'Control seat sometimes full forward.'),
('To Quiz', True, 12, 'Minute yes sport bed data.'),
('Call Quiz', True, 9, 'Focus continue support evidence attorney economic call.'),
('House Quiz', True, 14, 'Majority work question authority loss perform.'),
('Ask Quiz', True, 5, 'Prevent threat game spend later where person.'),
('Give Quiz', False, 4, 'Suffer market series.'),
('Single Quiz', True, 20, 'Test his figure whatever indicate market language hope.'),
('South Quiz', True, 6, 'Prove worker available respond off current create.'),
('Half Quiz', True, 8, 'Prepare technology local way.'),
('Million Quiz', False, 8, 'Style speech range recent.'),
('Challenge Quiz', False, 18, 'Guy box while green little decide campaign.'),
('Conference Quiz', False, 2, 'Even guy say require through that.'),
('Continue Quiz', True, 19, 'Including next all.'),
('Fire Quiz', True, 18, 'Human risk he later customer gas American.'),
('Within Quiz', False, 4, 'Marriage lead exist lose let former room.'),
('Prepare Quiz', False, 9, 'Foot across prepare network reality.'),
('Foreign Quiz', True, 14, 'Will all decision their white friend.'),
('Value Quiz', False, 16, 'Here describe partner treat.'),
('Edge Quiz', False, 3, 'Spring hard marriage prevent figure rock car energy.'),
('Whether Quiz', False, 14, 'Professional idea against its finally doctor.'),
('Beautiful Quiz', False, 17, 'Employee government success next much music physical.'),
('Network Quiz', True, 13, 'Eye machine check brother live protect drug police.'),
('Company Quiz', True, 17, 'Charge approach newspaper none age draw.'),
('Agency Quiz', True, 16, 'Whatever consider around some.'),
('Consider Quiz', False, 11, 'Wrong civil relate allow great happen along.'),
('Memory Quiz', True, 8, 'During hair difference people gas natural.'),
('Letter Quiz', True, 6, 'Take road box nation contain why professor development.'),
('Subject Quiz', True, 9, 'Stay program security put another baby.'),
('Toward Quiz', True, 10, 'Until gun air send sure risk letter.'),
('Again Quiz', True, 5, 'Including white interesting begin.'),
('Every Quiz', False, 9, 'Reflect pass pay picture even president instead anything.'),
('Coach Quiz', True, 15, 'Federal security memory ok.'),
('Hope Quiz', False, 15, 'Though week bring statement movie.'),
('Practice Quiz', False, 11, 'Traditional mention beyond.'),
('Key Quiz', True, 6, 'Activity yet easy house main along reality church.'),
('Need Quiz', False, 18, 'Beautiful development issue this a.'),
('Hard Quiz', False, 15, 'Process thought majority arrive country improve cost.'),
('Later Quiz', False, 10, 'Her toward key even none.'),
('Become Quiz', False, 18, 'Onto specific program role ask operation learn.'),
('Laugh Quiz', True, 6, 'Machine stock feeling station candidate chair finish.'),
('Participant Quiz', False, 4, 'Laugh mouth fly suggest which degree real garden.'),
('Teach Quiz', False, 16, 'Daughter plant able own.'),
('His Quiz', False, 16, 'Benefit race all wear although top consider.'),
('Bit Quiz', False, 5, 'On cut movement.'),
('Relationship Quiz', False, 5, 'Dog treatment give term today cold new strategy.'),
('Arm Quiz', True, 3, 'Dark guy past data including management when.'),
('Shoulder Quiz', False, 8, 'Test painting between.'),
('Go Quiz', True, 4, 'Phone couple letter rock.'),
('Girl Quiz', False, 16, 'Hundred probably situation per American generation sing.'),
('Rate Quiz', False, 18, 'The trouble right case article business.'),
('Beautiful Quiz', True, 5, 'Dark represent democratic name two cause turn.'),
('Value Quiz', True, 11, 'Character likely real prepare.'),
('American Quiz', True, 8, 'Open power boy while theory necessary.'),
('Newspaper Quiz', True, 1, 'Member view watch tax human product.'),
('Action Quiz', True, 3, 'Resource thus set under every.'),
('Which Quiz', True, 6, 'Must within know.'),
('My Quiz', True, 15, 'Young trial analysis pull.'),
('Voice Quiz', False, 10, 'Feeling important area sing road amount actually visit.'),
('Attention Quiz', True, 7, 'From economy evidence economy stage draw teach.'),
('Wife Quiz', True, 17, 'Color room space public recent tonight data.'),
('Many Quiz', True, 5, 'Teach late listen list have section.'),
('Deal Quiz', False, 20, 'I treatment market suggest.'),
('Others Quiz', False, 3, 'Including PM himself room along point together.'),
('Away Quiz', True, 1, 'Treatment film trial interest new save finally.'),
('Create Quiz', True, 14, 'Friend middle body three.'),
('To Quiz', False, 18, 'Husband middle meeting.'),
('Capital Quiz', True, 10, 'Seven close ever process build environmental.'),
('Sea Quiz', False, 1, 'Tell maybe enough support even piece bit.'),
('Likely Quiz', False, 6, 'Cell believe only she assume nearly game carry.'),
('Wide Quiz', False, 2, 'Have this man fly without.'),
('Single Quiz', True, 4, 'Think particularly consider garden research find.'),
('Nation Quiz', True, 9, 'Large culture low assume peace.'),
('Accept Quiz', True, 10, 'Matter successful by give.'),
('Cause Quiz', True, 12, 'Miss everyone left light itself hand born.'),
('Common Quiz', True, 14, 'Material meeting trouble miss service small.'),
('Real Quiz', True, 2, 'Body range fire all front manage.'),
('Concern Quiz', False, 18, 'Full speak administration western speak reason.'),
('White Quiz', False, 2, 'Account around game organization more local.'),
('Process Quiz', True, 2, 'Effect quickly election yes nearly simply security.'),
('Wear Quiz', False, 19, 'Wait shoulder girl strategy.'),
('Heavy Quiz', True, 13, 'Before ready plant water or interest three.'),
('Catch Quiz', False, 4, 'Skill star face present water could major.'),
('Meet Quiz', False, 14, 'Be although similar hour.'),
('Doctor Quiz', True, 20, 'Certainly character I each interesting return.'),
('Avoid Quiz', True, 14, 'Condition perform simple cost.'),
('Mother Quiz', True, 1, 'Positive purpose baby.'),
('Attorney Quiz', True, 7, 'Election before short soldier star play.'),
('Appear Quiz', False, 15, 'Traditional go wide despite decade.'),
('Produce Quiz', False, 12, 'Third another ready family shoulder follow agree short.');

-- 插入 Quiz_record 資料
INSERT INTO quiz_record (Total_points, User_id, Quiz_id) VALUES
(88, 5, 69),
(62, 11, 91),
(76, 5, 46),
(84, 7, 150),
(65, 8, 133),
(95, 14, 133),
(80, 12, 109),
(51, 11, 143),
(57, 10, 137),
(55, 11, 143),
(70, 7, 131),
(83, 12, 29),
(95, 11, 138),
(81, 13, 70),
(54, 7, 128),
(68, 2, 87),
(93, 14, 21),
(78, 3, 93),
(72, 3, 51),
(70, 10, 70),
(85, 9, 144),
(72, 13, 62),
(74, 8, 50),
(52, 7, 49),
(75, 12, 16),
(87, 12, 112),
(70, 14, 42),
(86, 8, 34),
(61, 5, 147),
(58, 3, 122),
(64, 7, 22),
(70, 14, 43),
(84, 4, 37),
(85, 3, 86),
(56, 6, 16),
(55, 5, 121),
(85, 8, 71),
(54, 7, 104),
(50, 13, 80),
(64, 7, 53),
(78, 11, 15),
(86, 12, 40),
(61, 1, 110),
(77, 1, 66),
(79, 14, 14),
(63, 2, 4),
(87, 9, 143),
(55, 3, 77),
(77, 9, 43),
(67, 4, 29);

-- 插入 Fill_blank_question 資料
INSERT INTO fill_blank_question (Body, Q_number, Answer, Points, Quiz_id) VALUES
('Point instead suddenly general ability police section.', 1, 'give', 16, 7),
('International state drive possible little.', 2, 'north', 10, 135),
('Deep ask Republican listen.', 3, 'smile', 14, 116),
('Early hit man name whom simple region.', 4, 'partner', 15, 83),
('Theory according military whole.', 5, 'section', 18, 137),
('Kid hair show true.', 6, 'movement', 13, 137),
('Industry operation traditional arrive surface.', 7, 'current', 5, 35),
('Write treat which another.', 8, 'carry', 11, 24),
('Religious management building here first three might.', 9, 'thus', 5, 93),
('Radio box check theory radio.', 10, 'Democrat', 17, 62),
('Country country from exist.', 11, 'product', 11, 52),
('Rule executive series behind decide.', 12, 'stock', 14, 40),
('Actually one tax skill family agree daughter run.', 13, 'be', 14, 89),
('Generation either would where.', 14, 'carry', 14, 39),
('Hit be rule hotel consider team factor attorney.', 15, 'knowledge', 20, 6),
('State science onto through half see card.', 16, 'seat', 7, 85),
('Smile number together shoulder involve hundred.', 17, 'wind', 10, 51),
('Despite they little nor teach financial recently.', 18, 'lot', 6, 11),
('Possible degree offer parent anyone billion.', 19, 'accept', 12, 14),
('Mrs everyone know leave sea simple.', 20, 'area', 9, 15),
('Upon walk nation fast treatment reach particular.', 21, 'like', 9, 21),
('Unit operation forget range form local help.', 22, 'can', 16, 79),
('Ago president can hair.', 23, 'apply', 11, 74),
('Consumer leave general break natural alone think.', 24, 'start', 15, 3),
('Nearly fund bed improve then loss.', 25, 'toward', 16, 96),
('Turn right notice build government.', 26, 'prove', 14, 149),
('Drive sign history series fight.', 27, 'certain', 18, 87),
('Memory situation do again them open this.', 28, 'performance', 11, 60),
('Culture stay view car.', 29, 'writer', 12, 80),
('Power however black bag before expect probably.', 30, 'structure', 20, 144),
('Foreign produce soldier which deep decide.', 31, 'pretty', 7, 128),
('Republican performance hard however above.', 32, 'tax', 7, 66),
('Tree mission quite including pattern world.', 33, 'property', 13, 146),
('What along development perform fine recent.', 34, 'national', 17, 22),
('Themselves save key.', 35, 'kind', 7, 41),
('Figure include environment plant information.', 36, 'successful', 7, 71),
('Its perhaps end activity drop key.', 37, 'campaign', 12, 91),
('Lead audience other above.', 38, 'story', 14, 64),
('Investment state hope buy approach pretty during.', 39, 'meeting', 6, 71),
('Our different rich next.', 40, 'beyond', 17, 22);

-- 插入 Single_open_question 資料
INSERT INTO single_open_question (Q_number, Body, Points, Answer, OptionA, OptionB, OptionC, Quiz_id) VALUES
(1, 'Measure find design letter.', 20, 'serve', 'lot', 'natural', 'treat', 56),
(2, 'Ability positive hospital red example.', 17, 'third', 'food', 'international', 'rather', 96),
(3, 'Establish way up who lose worry.', 13, 'true', 'often', 'remain', 'wonder', 73),
(4, 'Hard skill early foreign everything.', 10, 'nice', 'small', 'wall', 'sit', 119),
(5, 'Thing power cut space task indicate line TV.', 8, 'material', 'ten', 'material', 'ask', 148),
(6, 'Let manage daughter teacher.', 7, 'smile', 'skill', 'fact', 'ability', 21),
(7, 'Individual note friend list mouth and.', 20, 'son', 'more', 'authority', 'dinner', 71),
(8, 'Step pass star staff brother policy may.', 15, 'reduce', 'happy', 'appear', 'simple', 40),
(9, 'Congress themselves hear six never customer small.', 9, 'early', 'ground', 'other', 'mention', 59),
(10, 'National star piece back opportunity.', 15, 'arrive', 'two', 'teacher', 'much', 86),
(11, 'Start far level audience game choice.', 5, 'charge', 'rise', 'feeling', 'high', 11),
(12, 'Right particularly act this stay service vote able.', 8, 'business', 'model', 'whatever', 'common', 29),
(13, 'Second radio law new probably admit run social.', 10, 'direction', 'let', 'cup', 'either', 28),
(14, 'Note later policy each well already service.', 5, 'million', 'enter', 'other', 'like', 78),
(15, 'Boy themselves most above.', 16, 'easy', 'direction', 'actually', 'recent', 21),
(16, 'Part information not energy various.', 12, 'use', 'end', 'between', 'course', 51),
(17, 'Beat lead series really series speech.', 9, 'employee', 'pressure', 'left', 'term', 127),
(18, 'Maintain east guy night few.', 13, 'on', 'as', 'allow', 'expert', 72),
(19, 'Do worker piece name government drive.', 10, 'activity', 'everybody', 'traditional', 'scientist', 1),
(20, 'Lawyer his at Mrs.', 5, 'agency', 'who', 'sort', 'attack', 139),
(21, 'Him take have tell any level attorney.', 15, 'speak', 'speak', 'many', 'bar', 74),
(22, 'Personal movement send future condition tend.', 15, 'there', 'none', 'player', 'Republican', 104),
(23, 'Major detail rest task beautiful.', 6, 'election', 'position', 'happy', 'moment', 68),
(24, 'Himself I summer week physical skill skill.', 16, 'low', 'nearly', 'back', 'collection', 93),
(25, 'Together land everything stay.', 7, 'offer', 'by', 'poor', 'also', 149),
(26, 'Paper join defense value give often more.', 15, 'me', 'near', 'school', 'tend', 102),
(27, 'Positive arrive any individual.', 16, 'student', 'approach', 'lead', 'course', 31),
(28, 'Make traditional husband husband type.', 9, 'worry', 'science', 'final', 'top', 117),
(29, 'Small east at blue cause say second.', 19, 'thousand', 'book', 'reduce', 'loss', 20),
(30, 'Measure take agent manage protect cultural.', 10, 'produce', 'too', 'so', 'also', 99),
(31, 'Political draw avoid minute.', 14, 'thank', 'law', 'majority', 'yes', 98),
(32, 'Total front green mission reveal almost.', 14, 'job', 'want', 'increase', 'bit', 133),
(33, 'Stock notice should now rather really.', 13, 'owner', 'cover', 'friend', 'popular', 72),
(34, 'Brother national position.', 11, 'sound', 'control', 'answer', 'rise', 88),
(35, 'Line drop few stop something peace mind.', 11, 'according', 'general', 'those', 'word', 129),
(36, 'Local near claim rule crime figure.', 18, 'listen', 'purpose', 'financial', 'force', 106),
(37, 'Modern society much bit better cover.', 7, 'if', 'important', 'weight', 'create', 71),
(38, 'Tend ago good recognize early morning whom.', 10, 'dark', 'serious', 'ahead', 'probably', 108),
(39, 'Sea team degree material production.', 19, 'others', 'best', 'quite', 'mind', 116),
(40, 'May imagine sell style knowledge between of.', 11, 'agreement', 'color', 'she', 'population', 45);

-- 插入 TF_question 資料
INSERT INTO tf_question (Body, Answer, Points, Q_number, Quiz_id) VALUES
('Particularly none find police example key remain American.', True, 6, 1, 108),
('Last test business stage several consider.', True, 10, 2, 62),
('By across work two forget camera community stuff.', True, 9, 3, 130),
('Human serious population sure eye.', True, 9, 4, 55),
('Board political myself purpose.', False, 13, 5, 120),
('Knowledge organization smile issue.', True, 16, 6, 61),
('Partner different trade which choose station data.', True, 17, 7, 19),
('We above course until send season.', False, 19, 8, 129),
('Thus future her officer.', False, 15, 9, 107),
('Painting despite same each.', True, 12, 10, 112),
('Little statement green much major turn film time.', True, 12, 11, 75),
('Buy summer environment.', True, 11, 12, 10),
('Down both back with question remember red.', True, 11, 13, 33),
('Lay follow between some suddenly ready day.', False, 7, 14, 25),
('Success book watch guy.', False, 17, 15, 83),
('Control pull ever tend out church memory.', False, 11, 16, 20),
('Police politics impact for.', True, 13, 17, 127),
('Glass heart the perhaps.', False, 19, 18, 95),
('Agree west however.', True, 7, 19, 147),
('Suggest prepare strategy student much throughout.', False, 16, 20, 76),
('Raise sister first.', True, 7, 21, 22),
('Alone increase edge.', False, 9, 22, 21),
('Nation look cold wish view understand law.', True, 7, 23, 68),
('Election while nor stuff.', False, 10, 24, 114),
('White somebody some within least party.', True, 20, 25, 37),
('Service increase future magazine maybe the card.', True, 19, 26, 148),
('Perhaps soldier detail cover free in.', True, 8, 27, 47),
('Race worry behavior left.', True, 10, 28, 76),
('Himself attention they.', False, 13, 29, 85),
('Bring chance mission deep serious.', False, 18, 30, 82),
('Me pattern development tend.', True, 6, 31, 11),
('Center know himself send score.', True, 14, 32, 69),
('Continue center hot president term my though.', False, 8, 33, 78),
('Option want myself determine available.', False, 16, 34, 35),
('Example thing knowledge section nation gas room.', True, 6, 35, 13),
('Suffer store not.', False, 18, 36, 67),
('Question explain thus trial however kid compare.', True, 11, 37, 108),
('Institution Republican provide reason.', False, 13, 38, 96),
('Prevent ability make less.', False, 16, 39, 120),
('Age soldier bad.', False, 17, 40, 124);

-- 插入 FB_quiz_determination 資料
INSERT INTO fb_quiz_determination (FB_id, Record_id, Is_correct) VALUES
(1, 10, False),
(2, 26, False),
(3, 28, False),
(4, 49, False),
(5, 2, False),
(6, 21, True),
(7, 29, True),
(8, 15, True),
(9, 15, True),
(10, 6, False),
(11, 25, False),
(12, 5, True),
(13, 29, True),
(14, 27, False),
(15, 37, True),
(16, 23, True),
(17, 15, True),
(18, 49, True),
(19, 43, True),
(20, 14, True),
(21, 48, False),
(22, 44, True),
(23, 45, True),
(24, 37, False),
(25, 6, False),
(26, 20, False),
(27, 21, True),
(28, 2, False),
(29, 21, False),
(30, 31, True),
(31, 13, False),
(32, 35, False),
(33, 39, True),
(34, 25, True),
(35, 31, False),
(36, 11, True),
(37, 31, True),
(38, 38, True),
(39, 12, True),
(40, 30, True);

-- 插入 SO_quiz_determination 資料
INSERT INTO so_quiz_determination (SO_id, Record_id, Is_correct) VALUES
(1, 10, False),
(2, 46, False),
(3, 8, True),
(4, 42, False),
(5, 46, False),
(6, 14, True),
(7, 21, False),
(8, 38, True),
(9, 28, True),
(10, 17, False),
(11, 50, True),
(12, 15, True),
(13, 10, True),
(14, 45, True),
(15, 4, False),
(16, 24, True),
(17, 2, False),
(18, 34, False),
(19, 33, True),
(20, 15, False),
(21, 20, True),
(22, 41, False),
(23, 40, False),
(24, 12, False),
(25, 35, False),
(26, 49, False),
(27, 35, False),
(28, 39, False),
(29, 12, True),
(30, 50, True),
(31, 8, False),
(32, 38, False),
(33, 19, True),
(34, 45, True),
(35, 10, True),
(36, 6, True),
(37, 47, True),
(38, 39, True),
(39, 9, True),
(40, 2, False);

-- 插入 TF_quiz_determination 資料
INSERT INTO tf_quiz_determination (TF_id, Record_id, Is_correct) VALUES
(1, 4, False),
(2, 24, False),
(3, 41, True),
(4, 29, True),
(5, 10, True),
(6, 18, True),
(7, 23, True),
(8, 5, False),
(9, 16, False),
(10, 40, False),
(11, 34, False),
(12, 20, False),
(13, 9, True),
(14, 8, False),
(15, 38, False),
(16, 40, True),
(17, 1, True),
(18, 49, True),
(19, 15, False),
(20, 39, True),
(21, 31, False),
(22, 5, False),
(23, 15, True),
(24, 49, False),
(25, 20, False),
(26, 44, False),
(27, 27, False),
(28, 23, True),
(29, 18, False),
(30, 25, False),
(31, 4, False),
(32, 19, False),
(33, 15, False),
(34, 31, False),
(35, 28, False),
(36, 19, False),
(37, 44, True),
(38, 42, True),
(39, 50, False),
(40, 47, True);

