USE `kataohoot`;
-- 插入 User 資料
INSERT INTO user (Name, Email, Password) VALUES
('Holly', 'marcuspowell@example.org', '^o2+Ek&B(H'),
('James', 'amy61@example.com', 'x$v9Xfi+5m'),
('Charlotte', 'dukekatherine@example.com', 'M5Jts4VJ%x'),
('Robert', 'terrimarquez@example.org', 'xbz86Zkn*k'),
('Joseph', 'smithlauren@example.org', 'O+2*Bt%faM'),
('Kevin', 'shawn40@example.com', '62UHcpTE&0'),
('Audrey', 'tsmith@example.com', '!G8xbY_tR5'),
('Jacqueline', 'belinda86@example.org', 'x+A5YaxTwX'),
('Sara', 'fbuchanan@example.org', 'aGp6jDxd@1'),
('Benjamin', 'donnahaas@example.net', 'sjH%!7Oo(#'),
('Kyle', 'johnchang@example.com', '2s0IYs!p&h'),
('Leslie', 'lzhang@example.com', ')$^1MG0d7+'),
('Scott', 'espinozashane@example.com', 'GT1JmctP(7'),
('Justin', 'harrelljoseph@example.net', '%43H$caEc4'),
('Joshua', 'brownmelissa@example.net', 'Bpx38dRfM^');

-- 插入 Friendship 資料
INSERT INTO friendship (User1_id, User2_id) VALUES
(15, 3),
(11, 12),
(4, 13),
(2, 4),
(9, 3),
(14, 8),
(13, 7),
(7, 15),
(2, 11),
(4, 5),
(15, 12),
(14, 6),
(6, 5),
(13, 10),
(8, 12),
(14, 9),
(8, 9),
(2, 6),
(9, 11),
(10, 3);

-- 插入 Folder 資料
INSERT INTO folder (Folder_name, User_id, Parent_folder_id) VALUES
('Pattern Folder', 5, NULL),
('He Folder', 5, 1),
('Figure Folder', 6, NULL),
('Five Folder', 6, 2),
('Food Folder', 13, 1),
('Thing Folder', 12, 1),
('Church Folder', 12, 1),
('Police Folder', 2, 5),
('Again Folder', 14, NULL),
('Benefit Folder', 3, 4),
('All Folder', 12, NULL),
('Every Folder', 12, NULL),
('History Folder', 1, 10),
('Democrat Folder', 10, 11),
('Eight Folder', 2, 6),
('Environment Folder', 12, 9),
('Explain Folder', 11, NULL),
('Company Folder', 15, NULL),
('Board Folder', 13, NULL),
('High Folder', 2, 15),
('Garden Folder', 3, 1),
('Raise Folder', 6, 19),
('Total Folder', 10, NULL),
('Official Folder', 11, NULL),
('Interesting Folder', 9, NULL),
('Boy Folder', 5, 23),
('Behavior Folder', 4, 4),
('Member Folder', 12, 24),
('Rise Folder', 6, 25),
('Challenge Folder', 14, 7),
('Development Folder', 13, NULL),
('Issue Folder', 6, NULL),
('Window Folder', 9, NULL),
('Window Folder', 14, NULL),
('Keep Folder', 5, NULL),
('Today Folder', 7, 17),
('Who Folder', 4, NULL),
('Wonder Folder', 1, NULL),
('Style Folder', 3, NULL),
('Exist Folder', 1, NULL);

-- 插入 Quiz 資料
INSERT INTO quiz (Quiz_name, Is_public, Folder_id, Quiz_description) VALUES
('Tax Quiz', False, 35, 'Station around capital eye five.'),
('West Quiz', True, 12, 'Late main yard same become support positive.'),
('Join Quiz', False, 37, 'Walk region opportunity.'),
('Garden Quiz', True, 7, 'Name significant practice director market.'),
('Kind Quiz', True, 19, 'Talk assume decision ok company Democrat poor.'),
('Candidate Quiz', False, 35, 'Job him enjoy agency much.'),
('Machine Quiz', False, 38, 'Allow executive movie son.'),
('Represent Quiz', True, 16, 'Better front after once.'),
('Information Quiz', True, 36, 'Rise recognize necessary fear easy forward rock place.'),
('Individual Quiz', True, 17, 'Enough popular share sound child where interest include.'),
('Might Quiz', True, 39, 'Major test stuff join.'),
('Quickly Quiz', True, 32, 'But foot order join notice say.'),
('Table Quiz', True, 13, 'Begin include tax job character need.'),
('Start Quiz', True, 26, 'Fact against likely pull along professor.'),
('Anyone Quiz', True, 5, 'Him condition central place.'),
('Skin Quiz', True, 35, 'Throughout party rest structure sort.'),
('Party Quiz', False, 15, 'Leg social operation show drop.'),
('Couple Quiz', False, 23, 'Word understand write perform small.'),
('There Quiz', True, 40, 'Attack campaign indicate computer.'),
('Condition Quiz', False, 1, 'Along career born south voice require.'),
('Lead Quiz', True, 37, 'Floor move old.'),
('Few Quiz', True, 30, 'Board word forward much specific a station.'),
('Personal Quiz', True, 21, 'Consumer speech simple decision region.'),
('Cover Quiz', True, 4, 'Coach part admit minute prevent.'),
('Its Quiz', False, 3, 'Too toward degree authority.'),
('No Quiz', True, 20, 'Page use those young over likely.'),
('Art Quiz', False, 20, 'Finally serious rule mother kitchen.'),
('Writer Quiz', True, 2, 'North smile term world late eight.'),
('Sure Quiz', False, 21, 'Sit cold side style eight.'),
('Beautiful Quiz', False, 11, 'Direction just board week hit change.'),
('Someone Quiz', False, 35, 'Day and first.'),
('Office Quiz', False, 19, 'Claim have author social another view either.'),
('City Quiz', False, 29, 'Learn argue real every woman offer cup.'),
('Amount Quiz', True, 34, 'Blue policy thank rise improve yeah.'),
('Couple Quiz', False, 31, 'Realize nearly time nation yourself.'),
('Gas Quiz', True, 13, 'Play push money government without onto kitchen while.'),
('Make Quiz', True, 4, 'Land past statement listen take reality leave hit.'),
('Let Quiz', True, 5, 'Throughout group nice.'),
('Challenge Quiz', False, 36, 'Doctor begin prepare seven environmental assume matter.'),
('Do Quiz', False, 18, 'Page it student religious same.'),
('Road Quiz', True, 28, 'Commercial participant career computer blood design.'),
('Environment Quiz', False, 27, 'Speech suggest environment rise source.'),
('Seven Quiz', True, 22, 'Open special set summer food soon entire.'),
('Science Quiz', True, 6, 'Probably bad Mr either water.'),
('A Quiz', True, 26, 'Language well just clear.'),
('Lot Quiz', True, 32, 'By crime within staff feel bag.'),
('Machine Quiz', False, 12, 'Me wrong ok soldier hundred girl between.'),
('Positive Quiz', True, 31, 'Free know find spring officer discussion.'),
('Artist Quiz', False, 5, 'People tend service soldier billion.'),
('Fill Quiz', False, 11, 'Close rich question direction couple piece.');

-- 插入 Quiz_record 資料
INSERT INTO quiz_record (Total_points, User_id, Quiz_id) VALUES
(77, 11, 3),
(58, 14, 27),
(75, 1, 10),
(72, 2, 16),
(93, 8, 15),
(57, 11, 12),
(94, 13, 32),
(86, 7, 15),
(50, 4, 17),
(93, 14, 10),
(63, 10, 17),
(96, 11, 43),
(75, 5, 44),
(79, 4, 27),
(52, 6, 31),
(77, 2, 35),
(70, 7, 10),
(73, 6, 19),
(57, 6, 50),
(85, 15, 17),
(83, 14, 22),
(81, 7, 27),
(85, 11, 32),
(69, 10, 7),
(55, 7, 8),
(62, 14, 41),
(64, 14, 6),
(89, 8, 19),
(99, 5, 43),
(84, 5, 46),
(96, 13, 22),
(59, 8, 24),
(92, 5, 12),
(56, 13, 43),
(85, 8, 36),
(84, 8, 13),
(66, 8, 19),
(56, 3, 10),
(89, 14, 26),
(99, 11, 9),
(75, 11, 24),
(87, 6, 1),
(63, 3, 11),
(61, 2, 48),
(76, 2, 4),
(67, 10, 36),
(67, 14, 5),
(83, 3, 19),
(91, 6, 20),
(85, 2, 34);

-- 插入 Fill_blank_question 資料
INSERT INTO fill_blank_question (Body, Q_number, Answer, Points, Quiz_id) VALUES
('Population type hospital serious lose resource reveal.', 1, 'ground', 18, 11),
('Peace baby civil hair six.', 2, 'keep', 11, 15),
('Way general with million.', 3, 'computer', 11, 38),
('Six series recognize drop.', 4, 'protect', 20, 32),
('Spend election western yard.', 5, 'establish', 9, 47),
('Sort magazine full tough represent responsibility.', 6, 'until', 6, 31),
('Give management drug generation itself other.', 7, 'especially', 15, 17),
('Range strategy now term science development early.', 8, 'site', 16, 12),
('Seek address whole situation government.', 9, 'civil', 10, 30),
('Hair surface threat either heavy.', 10, 'money', 5, 43),
('Success husband nor describe discussion stay.', 11, 'cell', 17, 17),
('Understand official statement control threat machine option.', 12, 'mission', 15, 9),
('Have reality answer not nice health.', 13, 'single', 19, 35),
('Activity couple more now.', 14, 'mother', 15, 16),
('Out certain painting.', 15, 'far', 7, 13),
('Kid blood market east field.', 16, 'up', 11, 2),
('Factor hope policy sign rich everyone break.', 17, 'begin', 19, 10),
('Science part enter century various.', 18, 'father', 16, 36),
('Everyone read develop Congress save eight.', 19, 'drop', 17, 21),
('Smile form thought television.', 20, 'those', 11, 20),
('Part environment single other college tree.', 21, 'paper', 8, 13),
('Watch great writer morning art.', 22, 'style', 10, 27),
('Next hold believe technology community summer region.', 23, 'material', 6, 34),
('Indicate reflect expect financial draw tonight expert.', 24, 'fight', 6, 30),
('Play decade debate assume.', 25, 'son', 19, 21),
('Future get my soldier career determine although.', 26, 'pressure', 6, 44),
('Decade leader try budget like.', 27, 'market', 7, 11),
('Wall indeed must ever.', 28, 'letter', 7, 5),
('Structure their various try add account writer.', 29, 'over', 20, 17),
('Six standard moment financial.', 30, 'second', 11, 18),
('New with city gas generation concern husband.', 31, 'say', 6, 17),
('Up believe politics choice.', 32, 'past', 17, 25),
('Choice against easy since summer professor.', 33, 'effect', 16, 1),
('Participant none effect sort thought attack.', 34, 'so', 14, 11),
('Tax professional face before.', 35, 'really', 19, 46),
('Include long film everybody outside.', 36, 'friend', 5, 22),
('Understand per energy his.', 37, 'attorney', 6, 42),
('Town hand of town training foreign land.', 38, 'election', 19, 6),
('Dark car describe lead skin.', 39, 'first', 18, 10),
('Send likely exactly window onto body.', 40, 'loss', 19, 49);

-- 插入 Single_open_question 資料
INSERT INTO single_open_question (Q_number, Body, Points, Answer, OptionA, OptionB, OptionC, Quiz_id) VALUES
(1, 'For entire play space ability southern worker.', 20, 'development', 'laugh', 'early', 'citizen', 17),
(2, 'Design effect reach evidence skill big.', 20, 'opportunity', 'project', 'life', 'investment', 28),
(3, 'Enjoy word suffer artist see service sound.', 8, 'yet', 'detail', 'area', 'push', 46),
(4, 'Light floor myself give care adult simply television.', 18, 'activity', 'travel', 'decade', 'rather', 41),
(5, 'Defense follow trial.', 9, 'government', 'behavior', 'treat', 'investment', 49),
(6, 'Beyond science opportunity situation.', 10, 'kid', 'stage', 'last', 'military', 30),
(7, 'Rise hear member successful positive east argue.', 11, 'fact', 'hand', 'tonight', 'very', 20),
(8, 'Would return whether.', 17, 'play', 'each', 'blue', 'significant', 15),
(9, 'Street common newspaper within few window fine drug.', 16, 'majority', 'subject', 'common', 'any', 10),
(10, 'Industry usually member data new.', 14, 'rule', 'live', 'arrive', 'sometimes', 44),
(11, 'Safe note commercial player worry successful.', 7, 'reality', 'himself', 'her', 'avoid', 24),
(12, 'Kid other consider capital work.', 16, 'raise', 'determine', 'job', 'and', 23),
(13, 'Clearly from recent ability bag.', 8, 'design', 'cut', 'ahead', 'seven', 9),
(14, 'Decade white no finish new.', 6, 'as', 'experience', 'south', 'month', 43),
(15, 'Billion baby hour from everything.', 6, 'physical', 'meeting', 'three', 'evidence', 27),
(16, 'Under professional travel radio own item decide.', 14, 'rate', 'writer', 'certain', 'especially', 35),
(17, 'Difference explain industry baby close include rule future.', 10, 'like', 'minute', 'partner', 'though', 4),
(18, 'Smile trouble opportunity across once best Mrs.', 7, 'tend', 'role', 'particular', 'visit', 3),
(19, 'Issue interest writer top affect account itself.', 8, 'dinner', 'clearly', 'edge', 'three', 11),
(20, 'Make left billion.', 5, 'none', 'family', 'two', 'star', 8),
(21, 'Almost actually campaign year business less table.', 5, 'politics', 'young', 'of', 'nation', 19),
(22, 'Technology tree glass actually hit him ago.', 18, 'first', 'bring', 'everybody', 'meet', 47),
(23, 'Vote little daughter although degree.', 20, 'Mrs', 'media', 'never', 'later', 3),
(24, 'Human doctor girl night court.', 12, 'window', 'nor', 'five', 'story', 38),
(25, 'Tree future inside west bank loss fish management.', 16, 'nature', 'any', 'message', 'time', 44),
(26, 'Act range woman wife.', 16, 'agree', 'probably', 'contain', 'team', 49),
(27, 'Vote end late safe unit decision quite drug.', 10, 'because', 'air', 'loss', 'she', 27),
(28, 'Fish magazine ground.', 18, 'security', 'safe', 'cause', 'into', 25),
(29, 'American Mrs name produce.', 10, 'kitchen', 'physical', 'deep', 'keep', 13),
(30, 'Up cover magazine possible despite join.', 11, 'home', 'generation', 'act', 'behind', 43),
(31, 'Cause together much art.', 16, 'others', 'through', 'democratic', 'into', 20),
(32, 'Other turn main worry big present practice study.', 18, 'market', 'effort', 'person', 'contain', 47),
(33, 'Picture loss control have sing.', 8, 'war', 'special', 'eight', 'responsibility', 4),
(34, 'Body wish across fill second as car.', 6, 'tree', 'listen', 'scene', 'next', 50),
(35, 'Fight dinner very hotel media.', 17, 'to', 'standard', 'here', 'left', 26),
(36, 'Within significant side box if argue against.', 11, 'foreign', 'probably', 'role', 'skill', 28),
(37, 'Same stand personal nature personal seek race.', 7, 'situation', 'girl', 'go', 'alone', 48),
(38, 'Evidence letter every woman.', 9, 'soldier', 'school', 'think', 'policy', 7),
(39, 'Plan son condition economic.', 7, 'east', 'have', 'often', 'care', 15),
(40, 'Fast population physical relate have social people.', 14, 'feel', 'take', 'white', 'smile', 7);

-- 插入 TF_question 資料
INSERT INTO tf_question (Body, Answer, Points, Q_number, Quiz_id) VALUES
('Doctor this follow wide safe suffer.', True, 5, 1, 47),
('Act who operation watch step address reason.', False, 16, 2, 4),
('Whose front believe.', True, 18, 3, 23),
('Song field Republican game best effect will important.', False, 17, 4, 50),
('Size news challenge the billion turn just.', False, 10, 5, 27),
('Before early seat provide great.', False, 13, 6, 22),
('Change small decide boy scene laugh life.', True, 5, 7, 48),
('Never instead fine help foreign tough.', True, 18, 8, 9),
('Decade same wonder animal listen spend state.', True, 16, 9, 38),
('Deal stop then clearly.', False, 13, 10, 17),
('Choose standard far send between everything.', True, 20, 11, 10),
('Cause ago media capital.', True, 10, 12, 36),
('Why east event involve organization any.', False, 14, 13, 16),
('Son nation eat after career I.', False, 17, 14, 28),
('Along stage lead fine information relate type.', False, 7, 15, 8),
('Company protect region board your staff.', True, 19, 16, 50),
('Allow use decide writer past environmental method.', True, 13, 17, 44),
('Natural point hair all.', True, 12, 18, 47),
('Trip series million which interesting foreign charge.', True, 17, 19, 45),
('Need practice so nor why watch.', False, 13, 20, 36),
('Probably capital ball themselves well education.', True, 20, 21, 38),
('Question born would social term.', False, 11, 22, 16),
('Painting authority national allow.', False, 18, 23, 47),
('Stock fear night national.', True, 8, 24, 30),
('Local team state common degree.', True, 11, 25, 36),
('Force network when manager.', True, 14, 26, 43),
('Establish writer rule direction staff.', False, 12, 27, 7),
('Perhaps wife past sport tough as carry.', True, 9, 28, 17),
('Herself reality dog as however.', True, 11, 29, 22),
('Prove who network describe.', True, 6, 30, 27),
('Might worker Republican performance organization floor.', False, 12, 31, 18),
('Instead among actually article film program.', False, 13, 32, 35),
('Those character fall along address attorney across popular.', True, 5, 33, 22),
('Space ahead building kind another accept.', True, 15, 34, 30),
('Put inside camera sport.', False, 18, 35, 50),
('Turn less member school.', False, 8, 36, 35),
('Training stuff perform question.', True, 7, 37, 34),
('Determine with of.', False, 15, 38, 37),
('Magazine six national poor including account every.', False, 17, 39, 22),
('Energy study knowledge foreign.', True, 15, 40, 21);

-- 插入 FB_quiz_determination 資料
INSERT INTO fb_quiz_determination (FB_id, Record_id, Is_correct) VALUES
(36, 29, True),
(38, 21, True),
(12, 45, False),
(2, 25, True),
(33, 49, True),
(16, 48, True),
(37, 35, False),
(9, 11, True),
(32, 30, False),
(25, 30, True),
(20, 4, True),
(36, 31, False),
(9, 12, True),
(18, 32, True),
(3, 5, True),
(34, 25, False),
(14, 50, False),
(30, 17, True),
(31, 9, True),
(38, 49, True),
(14, 5, True),
(30, 10, False),
(33, 16, True),
(15, 2, False),
(31, 18, False),
(8, 16, True),
(4, 14, True),
(8, 1, True),
(19, 19, False),
(14, 10, False),
(40, 33, True),
(3, 22, True),
(29, 22, False),
(10, 34, True),
(25, 38, True),
(35, 6, False),
(24, 32, False),
(3, 14, True),
(2, 27, True),
(5, 34, True);

-- 插入 SO_quiz_determination 資料
INSERT INTO so_quiz_determination (SO_id, Record_id, Is_correct) VALUES
(17, 46, True),
(18, 46, False),
(40, 26, True),
(31, 47, True),
(30, 44, True),
(40, 3, False),
(19, 13, True),
(13, 41, True),
(40, 5, True),
(17, 48, False),
(34, 46, True),
(31, 23, False),
(38, 19, False),
(32, 22, False),
(7, 13, True),
(33, 8, True),
(29, 37, True),
(36, 48, False),
(3, 10, False),
(22, 10, False),
(33, 22, False),
(12, 46, False),
(13, 36, False),
(23, 33, True),
(33, 46, True),
(10, 1, True),
(22, 42, True),
(8, 18, False),
(39, 11, False),
(14, 9, False),
(11, 39, False),
(8, 23, True),
(40, 7, True),
(2, 26, True),
(8, 16, True),
(20, 25, True),
(40, 31, False),
(28, 3, True),
(39, 46, True),
(5, 48, True);

-- 插入 TF_quiz_determination 資料
INSERT INTO tf_quiz_determination (TF_id, Record_id, Is_correct) VALUES
(26, 32, False),
(14, 28, False),
(39, 18, False),
(6, 19, False),
(25, 24, False),
(3, 27, False),
(32, 2, True),
(22, 24, True),
(31, 27, True),
(2, 6, True),
(23, 29, True),
(37, 33, True),
(40, 3, False),
(31, 48, False),
(28, 33, True),
(14, 13, False),
(3, 40, False),
(39, 47, False),
(26, 32, False),
(21, 7, False),
(18, 9, False),
(2, 6, True),
(10, 43, False),
(21, 48, False),
(22, 5, False),
(1, 50, False),
(26, 37, False),
(32, 20, True),
(15, 37, True),
(17, 19, True),
(6, 17, False),
(38, 25, False),
(17, 1, False),
(35, 13, False),
(14, 38, False),
(19, 49, True),
(19, 47, False),
(10, 8, True),
(36, 12, True),
(27, 14, True);

